                  epoch,         train/box_loss,         train/cls_loss,         train/dfl_loss,   metrics/precision(B),      metrics/recall(B),       metrics/mAP50(B),    metrics/mAP50-95(B),           val/box_loss,           val/cls_loss,           val/dfl_loss,                 lr/pg0,                 lr/pg1,                 lr/pg2
                      0,                 2.2516,                    inf,                 1.3653,                      0,                      0,                      0,                      0,                      0,                      0,                      0,                 0.0763,                 0.0003,                 0.0003
                      1,                0.51921,                    inf,                 0.3325,                      0,                      0,                      0,                      0,                      0,                      0,                      0,               0.051491,             0.00049123,             0.00049123
                      2,                0.57206,                    inf,                0.33199,                      0,                      0,                      0,                      0,                      0,                      0,                      0,               0.026559,              0.0005587,              0.0005587
                      3,                0.58333,                    inf,                  0.342,                      0,                      0,                      0,                      0,                      0,                      0,                      0,              0.0015024,             0.00050243,             0.00050243
                      4,                 1.1161,                    inf,                0.65703,                      0,                      0,                      0,                      0,                      0,                    inf,                      0,                0.00026,                0.00026,                0.00026
